order,slug
1,a-cleaning-story
2,afterlife-the-game
3,animal-obby
4,anime-dress-up
5,aqua-thrills
6,basketball-legends-2020
7,basketball-stars
8,beach-boxing-simulator
9,beauty-salon
10,blacktop-police-chase
11,blockpost-legacy
12,block-sandbox
13,blocky-blast-puzzle
14,bounce-ball
15,build-my-brainrot
16,cafe-bara
17,car-machines
18,carnado-stunt-car
19,cashchubbies-islands
20,chest-warriors
21,chrome-cars-garage
22,color-pencil-run
23,critters-quest
24,cube-miner-escape-from-prison
25,diva-hair-salon
26,doctor-hero
27,draw-my-path-obby
28,draw-to-smash-logic-puzzle
29,drive-mad
30,dummies-world-cup
31,dungeon-miner
32,eat-the-world
33,escape-from-spider
34,fashion-battle
35,fear-response
36,feets-doctor-urgent-care
37,fishing-league
38,gobble
39,grow-my-farm
40,happy-glass